PassengerId,Pclass,Name,Sex,Age,SibSp,Parch,Fare,Survived
1,2,Passenger_1,female,3,0,2,55.88,1
2,3,Passenger_2,male,73,1,0,38.9,0
3,3,Passenger_3,female,8,3,0,38.61,0
4,3,Passenger_4,female,70,3,1,83.71,0
5,1,Passenger_5,male,41,0,0,79.98,1
6,1,Passenger_6,female,68,3,0,34.24,0
7,1,Passenger_7,female,13,0,2,91.81,0
8,3,Passenger_8,female,49,2,1,95.52,1
9,3,Passenger_9,male,60,2,0,36.04,0
10,3,Passenger_10,male,2,3,0,38.67,0
11,1,Passenger_11,female,60,3,1,53.04,0
12,3,Passenger_12,female,5,1,2,94.41,0
13,3,Passenger_13,male,44,3,1,88.25,0
14,2,Passenger_14,female,27,1,1,14.74,0
15,1,Passenger_15,female,32,2,0,42.31,0
16,1,Passenger_16,female,21,2,0,57.57,0
17,2,Passenger_17,female,8,0,2,52.8,1
18,3,Passenger_18,male,72,2,0,23.42,1
19,2,Passenger_19,male,50,1,0,86.59,0
20,2,Passenger_20,male,67,3,1,69.31,0
21,3,Passenger_21,female,44,0,0,84.6,0
22,1,Passenger_22,male,58,1,2,86.58,0
23,2,Passenger_23,male,3,3,1,76.09,0
24,2,Passenger_24,male,70,0,2,46.73,1
25,2,Passenger_25,female,2,2,1,63.0,0
26,3,Passenger_26,female,44,1,0,20.23,0
27,1,Passenger_27,male,2,3,1,69.0,0
28,3,Passenger_28,male,35,0,1,22.03,1
29,3,Passenger_29,female,30,0,0,70.93,0
30,1,Passenger_30,male,8,2,0,26.81,1
31,3,Passenger_31,male,22,3,2,16.17,0
32,1,Passenger_32,male,44,2,2,20.7,1
33,1,Passenger_33,male,58,2,0,5.19,1
34,3,Passenger_34,male,36,3,0,73.28,0
35,3,Passenger_35,male,69,3,0,74.58,0
36,3,Passenger_36,male,77,3,1,53.92,0
37,2,Passenger_37,female,31,1,1,20.33,0
38,1,Passenger_38,male,47,3,1,12.94,1
39,3,Passenger_39,female,55,0,0,6.82,1
40,2,Passenger_40,female,62,2,2,20.75,1
41,1,Passenger_41,male,30,1,0,89.63,1
42,2,Passenger_42,female,55,3,1,27.95,0
43,1,Passenger_43,male,16,1,1,38.66,0
44,3,Passenger_44,female,12,3,0,15.01,1
45,2,Passenger_45,male,17,1,0,26.12,0
46,3,Passenger_46,male,16,2,1,54.33,1
47,2,Passenger_47,male,12,2,1,62.74,0
48,3,Passenger_48,female,8,0,1,28.31,0
49,3,Passenger_49,female,3,0,0,10.48,1
50,1,Passenger_50,female,16,3,1,42.15,0
51,3,Passenger_51,male,30,2,1,27.25,1
52,3,Passenger_52,female,23,1,2,25.86,1
53,3,Passenger_53,male,5,1,0,96.19,1
54,3,Passenger_54,female,65,1,2,63.55,1
55,3,Passenger_55,male,30,0,2,57.9,0
56,3,Passenger_56,male,21,1,1,44.5,1
57,1,Passenger_57,male,70,0,0,45.75,0
58,1,Passenger_58,male,22,0,1,56.39,0
59,1,Passenger_59,female,72,3,0,71.16,1
60,2,Passenger_60,male,32,1,2,71.7,0
61,2,Passenger_61,female,33,1,0,21.31,0
62,2,Passenger_62,male,16,2,1,52.51,0
63,3,Passenger_63,female,76,3,1,44.14,0
64,2,Passenger_64,male,38,2,1,87.7,1
65,2,Passenger_65,male,14,3,0,64.98,0
66,3,Passenger_66,female,36,1,2,55.59,1
67,1,Passenger_67,male,23,0,2,15.96,1
68,3,Passenger_68,male,66,0,0,62.54,1
69,1,Passenger_69,female,2,0,1,16.13,0
70,3,Passenger_70,female,73,0,2,37.03,1
71,3,Passenger_71,male,65,0,1,18.57,0
72,1,Passenger_72,male,75,2,0,70.75,1
73,1,Passenger_73,female,67,3,1,24.59,0
74,3,Passenger_74,male,52,1,2,42.23,1
75,3,Passenger_75,male,62,2,2,90.09,1
76,3,Passenger_76,male,23,3,1,24.41,0
77,3,Passenger_77,female,26,0,0,53.24,0
78,1,Passenger_78,female,68,3,1,44.83,1
79,2,Passenger_79,male,55,3,0,6.72,0
80,1,Passenger_80,male,6,0,1,80.31,1
81,3,Passenger_81,male,35,0,2,11.56,0
82,3,Passenger_82,female,22,0,0,50.05,0
83,2,Passenger_83,male,43,1,0,58.26,1
84,1,Passenger_84,male,15,0,0,64.7,1
85,2,Passenger_85,female,60,1,2,70.42,1
86,2,Passenger_86,male,12,0,1,29.06,0
87,3,Passenger_87,female,49,1,2,5.95,1
88,3,Passenger_88,male,42,3,0,73.73,0
89,3,Passenger_89,male,38,2,1,55.89,1
90,2,Passenger_90,male,45,3,2,84.43,1
91,1,Passenger_91,female,35,3,0,83.03,0
92,3,Passenger_92,female,30,0,0,85.12,0
93,3,Passenger_93,female,30,1,2,51.08,0
94,3,Passenger_94,male,78,2,2,36.69,1
95,3,Passenger_95,female,6,0,2,80.2,0
96,2,Passenger_96,male,67,0,0,47.87,1
97,3,Passenger_97,male,7,0,2,22.43,0
98,2,Passenger_98,female,52,3,0,86.22,1
99,1,Passenger_99,male,14,1,2,88.84,1
100,1,Passenger_100,male,73,1,0,49.3,0
101,1,Passenger_101,male,15,2,0,12.19,0
102,3,Passenger_102,male,21,1,1,41.84,0
103,2,Passenger_103,male,35,1,2,81.34,1
104,3,Passenger_104,female,66,0,2,90.67,1
105,3,Passenger_105,male,2,0,0,24.33,0
106,2,Passenger_106,female,35,3,0,11.36,1
107,2,Passenger_107,female,78,0,0,88.35,0
108,3,Passenger_108,male,20,0,1,41.99,0
109,2,Passenger_109,male,10,0,1,56.47,1
110,1,Passenger_110,male,25,0,0,96.97,0
111,2,Passenger_111,female,66,3,2,11.32,0
112,1,Passenger_112,male,25,0,2,66.59,0
113,3,Passenger_113,female,54,2,1,12.04,0
114,3,Passenger_114,male,33,2,1,40.67,0
115,3,Passenger_115,female,36,2,0,81.36,0
116,3,Passenger_116,male,14,2,2,46.18,1
117,3,Passenger_117,male,65,0,0,99.73,0
118,1,Passenger_118,female,54,2,1,58.11,0
119,3,Passenger_119,female,52,0,2,35.51,0
120,3,Passenger_120,male,3,3,2,25.91,0
121,3,Passenger_121,female,41,2,1,38.3,1
122,3,Passenger_122,male,6,1,0,40.39,1
123,2,Passenger_123,female,25,2,0,11.53,0
124,1,Passenger_124,female,13,2,2,40.11,1
125,2,Passenger_125,male,8,0,1,49.1,0
126,2,Passenger_126,male,21,2,2,73.66,0
127,3,Passenger_127,male,68,1,1,67.39,0
128,3,Passenger_128,female,25,0,0,72.33,0
129,1,Passenger_129,female,79,0,1,5.79,0
130,3,Passenger_130,male,68,3,0,25.68,1
131,2,Passenger_131,male,45,3,1,67.86,0
132,2,Passenger_132,female,60,2,2,50.98,1
133,1,Passenger_133,female,12,3,0,5.5,0
134,2,Passenger_134,female,32,3,2,81.43,0
135,3,Passenger_135,male,13,3,2,78.42,1
136,2,Passenger_136,male,31,0,0,57.1,0
137,3,Passenger_137,male,78,0,0,11.31,0
138,3,Passenger_138,female,20,0,2,77.82,1
139,2,Passenger_139,male,18,3,2,60.45,1
140,3,Passenger_140,female,60,0,2,79.29,1
141,3,Passenger_141,male,63,3,2,76.42,1
142,2,Passenger_142,female,6,0,0,81.29,1
143,2,Passenger_143,female,32,0,0,54.21,1
144,2,Passenger_144,female,43,1,2,18.33,0
145,2,Passenger_145,male,2,2,1,68.76,0
146,1,Passenger_146,male,60,3,1,63.95,0
147,3,Passenger_147,male,23,1,0,75.51,0
148,3,Passenger_148,female,31,0,2,21.14,1
149,1,Passenger_149,female,5,3,2,23.52,1
150,2,Passenger_150,female,34,0,0,89.59,0
151,3,Passenger_151,female,10,2,1,76.25,0
152,2,Passenger_152,female,2,1,1,91.28,1
153,1,Passenger_153,male,11,2,1,77.08,0
154,2,Passenger_154,female,50,1,0,61.73,1
155,3,Passenger_155,male,31,0,1,67.14,0
156,2,Passenger_156,male,56,2,0,89.47,0
157,3,Passenger_157,female,79,2,0,59.99,0
158,3,Passenger_158,male,73,0,2,65.08,0
159,2,Passenger_159,male,9,2,1,19.87,1
160,3,Passenger_160,female,21,3,0,50.02,1
161,2,Passenger_161,male,73,1,1,73.06,1
162,3,Passenger_162,female,28,1,1,30.74,0
163,3,Passenger_163,male,62,1,2,24.21,0
164,3,Passenger_164,male,7,3,1,34.81,1
165,1,Passenger_165,male,16,1,2,27.94,1
166,3,Passenger_166,male,4,0,0,25.42,0
167,2,Passenger_167,female,4,2,1,45.36,0
168,1,Passenger_168,male,40,3,0,91.24,1
169,1,Passenger_169,female,17,1,1,53.17,0
170,3,Passenger_170,male,52,0,0,22.85,0
171,3,Passenger_171,female,52,2,1,12.31,0
172,1,Passenger_172,female,36,2,1,71.13,0
173,3,Passenger_173,female,38,3,1,41.37,1
174,2,Passenger_174,male,50,3,1,83.07,1
175,3,Passenger_175,male,63,3,1,67.65,0
176,1,Passenger_176,male,63,0,1,80.64,0
177,3,Passenger_177,female,62,0,1,30.83,0
178,2,Passenger_178,male,7,3,1,70.77,0
179,3,Passenger_179,male,27,1,1,30.09,0
180,1,Passenger_180,female,14,2,0,94.21,1
181,2,Passenger_181,male,71,2,2,65.46,0
182,1,Passenger_182,female,5,0,1,35.83,0
183,3,Passenger_183,male,55,2,2,30.6,0
184,3,Passenger_184,male,2,1,1,23.14,0
185,2,Passenger_185,female,62,2,1,70.99,0
186,3,Passenger_186,male,21,0,0,25.78,0
187,3,Passenger_187,female,79,0,0,61.55,1
188,3,Passenger_188,male,21,1,2,30.14,0
189,3,Passenger_189,male,10,1,0,67.89,0
190,2,Passenger_190,female,58,2,0,82.42,1
191,1,Passenger_191,female,39,2,2,78.91,1
192,3,Passenger_192,female,5,0,0,77.28,0
193,3,Passenger_193,male,65,1,1,22.83,1
194,3,Passenger_194,female,13,1,2,13.4,0
195,2,Passenger_195,male,53,1,2,71.4,0
196,2,Passenger_196,male,45,2,1,39.99,0
197,3,Passenger_197,female,32,1,0,46.07,1
198,3,Passenger_198,male,36,0,2,7.96,1
199,3,Passenger_199,female,60,0,2,29.66,0
200,3,Passenger_200,male,11,2,1,8.2,0
201,3,Passenger_201,male,63,3,1,88.52,1
202,1,Passenger_202,female,21,2,0,28.12,0
203,1,Passenger_203,female,52,3,2,57.95,0
204,3,Passenger_204,female,55,1,0,8.7,1
205,3,Passenger_205,female,26,2,0,68.35,1
206,1,Passenger_206,female,68,0,1,35.69,1
207,1,Passenger_207,female,34,1,2,90.3,1
208,3,Passenger_208,female,52,0,2,89.37,0
209,1,Passenger_209,male,52,1,2,35.9,1
210,1,Passenger_210,male,29,2,1,90.59,1
211,3,Passenger_211,male,38,3,1,99.63,0
212,3,Passenger_212,female,42,1,1,83.41,0
213,3,Passenger_213,female,21,3,1,85.26,0
214,2,Passenger_214,male,42,1,1,28.66,0
215,3,Passenger_215,female,13,0,2,59.79,1
216,2,Passenger_216,female,64,0,0,11.39,1
217,2,Passenger_217,male,17,1,2,14.02,0
218,3,Passenger_218,female,9,3,0,99.89,0
219,3,Passenger_219,female,41,2,1,36.03,1
220,3,Passenger_220,male,1,2,0,76.08,0
221,3,Passenger_221,female,2,0,2,81.63,0
222,3,Passenger_222,male,60,2,2,86.51,0
223,1,Passenger_223,female,48,0,0,99.77,0
224,2,Passenger_224,female,29,2,1,27.94,0
225,2,Passenger_225,female,10,1,1,8.83,0
226,2,Passenger_226,male,58,0,2,44.06,0
227,3,Passenger_227,female,60,0,0,17.36,0
228,2,Passenger_228,female,21,1,1,7.13,0
229,3,Passenger_229,male,28,0,1,39.24,0
230,3,Passenger_230,female,75,2,2,79.46,1
231,3,Passenger_231,male,34,2,1,58.79,1
232,3,Passenger_232,female,8,0,0,34.71,0
233,3,Passenger_233,male,59,2,2,67.16,0
234,2,Passenger_234,male,72,3,2,27.04,1
235,1,Passenger_235,male,49,0,0,6.37,0
236,3,Passenger_236,female,79,1,2,77.61,0
237,2,Passenger_237,male,17,3,1,64.26,1
238,1,Passenger_238,female,60,0,1,77.42,1
239,3,Passenger_239,male,45,1,0,8.7,1
240,1,Passenger_240,male,69,2,1,84.53,0
241,3,Passenger_241,female,32,1,0,63.85,1
242,3,Passenger_242,female,44,3,0,58.52,0
243,3,Passenger_243,male,65,2,1,64.34,1
244,2,Passenger_244,female,8,0,0,87.12,0
245,1,Passenger_245,female,77,2,1,60.76,0
246,3,Passenger_246,female,72,0,2,60.19,1
247,2,Passenger_247,male,43,0,2,99.11,0
248,3,Passenger_248,male,1,1,0,76.89,0
249,3,Passenger_249,female,51,1,1,47.02,1
250,3,Passenger_250,male,24,1,1,72.2,0
251,2,Passenger_251,female,24,3,2,41.98,0
252,2,Passenger_252,female,17,3,2,26.74,0
253,3,Passenger_253,female,5,1,1,61.7,1
254,2,Passenger_254,female,20,3,0,93.18,1
255,1,Passenger_255,female,21,2,2,93.27,0
256,3,Passenger_256,male,58,2,0,37.48,1
257,3,Passenger_257,female,31,3,0,55.13,0
258,3,Passenger_258,male,11,3,2,25.11,1
259,3,Passenger_259,male,52,2,0,99.58,0
260,1,Passenger_260,female,15,0,0,98.21,0
261,3,Passenger_261,female,7,2,1,66.7,1
262,3,Passenger_262,female,28,2,0,81.42,0
263,1,Passenger_263,female,51,3,1,72.93,0
264,3,Passenger_264,male,58,2,2,61.35,0
265,3,Passenger_265,male,5,3,2,10.07,1
266,3,Passenger_266,female,5,3,1,48.2,0
267,3,Passenger_267,male,8,1,2,69.1,0
268,3,Passenger_268,male,64,2,0,69.37,0
269,2,Passenger_269,male,10,0,0,40.45,0
270,2,Passenger_270,male,38,1,0,94.46,0
271,3,Passenger_271,male,8,3,2,20.9,1
272,3,Passenger_272,male,25,3,0,52.53,1
273,3,Passenger_273,male,73,0,2,70.63,0
274,3,Passenger_274,male,66,3,0,71.23,0
275,3,Passenger_275,female,79,2,1,66.62,0
276,3,Passenger_276,male,50,1,2,31.15,0
277,3,Passenger_277,male,67,3,2,19.84,1
278,3,Passenger_278,female,49,3,0,65.41,0
279,3,Passenger_279,male,36,0,2,61.93,0
280,3,Passenger_280,female,68,2,2,22.04,1
281,3,Passenger_281,female,78,3,1,71.99,0
282,2,Passenger_282,male,41,0,1,48.24,1
283,2,Passenger_283,male,62,3,0,68.44,0
284,1,Passenger_284,female,10,0,1,84.55,1
285,3,Passenger_285,female,21,0,0,21.12,1
286,1,Passenger_286,male,36,2,0,6.82,1
287,2,Passenger_287,female,12,3,0,79.01,1
288,3,Passenger_288,male,2,2,2,62.92,0
289,2,Passenger_289,female,13,0,1,71.47,0
290,3,Passenger_290,male,53,1,0,84.62,1
291,1,Passenger_291,female,32,3,1,81.27,0
292,1,Passenger_292,female,16,1,0,96.29,0
293,3,Passenger_293,female,32,3,1,55.91,0
294,2,Passenger_294,female,32,2,1,51.41,0
295,1,Passenger_295,male,11,2,0,43.18,0
296,3,Passenger_296,male,10,2,2,19.6,0
297,3,Passenger_297,male,15,2,1,59.4,1
298,2,Passenger_298,male,17,2,2,31.32,0
299,3,Passenger_299,female,40,1,2,92.52,0
300,1,Passenger_300,male,18,2,0,60.4,0
301,1,Passenger_301,male,55,0,0,61.32,0
302,3,Passenger_302,female,73,0,0,38.72,1
303,3,Passenger_303,female,25,1,1,9.94,0
304,3,Passenger_304,female,59,3,0,8.02,0
305,3,Passenger_305,female,78,0,0,45.22,1
306,3,Passenger_306,male,22,3,1,13.03,0
307,3,Passenger_307,male,30,1,1,62.65,0
308,2,Passenger_308,female,44,3,0,88.69,0
309,3,Passenger_309,female,32,3,0,88.88,1
310,2,Passenger_310,male,51,3,0,67.61,0
311,2,Passenger_311,female,46,3,0,25.07,0
312,1,Passenger_312,male,21,1,2,86.98,0
313,1,Passenger_313,male,32,0,2,89.18,0
314,3,Passenger_314,female,39,2,0,23.68,0
315,3,Passenger_315,female,12,3,2,75.06,0
316,3,Passenger_316,female,47,0,1,32.22,0
317,2,Passenger_317,male,18,0,2,81.25,1
318,1,Passenger_318,female,21,1,2,99.74,1
319,1,Passenger_319,male,13,0,0,7.85,0
320,2,Passenger_320,male,21,1,2,90.25,1
321,3,Passenger_321,female,8,3,2,64.15,0
322,3,Passenger_322,female,46,3,2,97.47,0
323,3,Passenger_323,female,7,2,2,49.18,1
324,2,Passenger_324,female,23,2,1,85.5,1
325,3,Passenger_325,female,75,2,0,10.93,1
326,3,Passenger_326,female,22,0,0,36.85,0
327,3,Passenger_327,male,22,3,1,11.37,1
328,3,Passenger_328,male,29,1,2,97.66,0
329,2,Passenger_329,male,13,2,1,82.61,1
330,2,Passenger_330,male,2,1,2,85.99,1
331,2,Passenger_331,female,29,1,1,94.11,0
332,3,Passenger_332,male,79,2,0,13.08,1
333,1,Passenger_333,male,52,3,0,41.63,0
334,1,Passenger_334,male,27,2,0,11.75,0
335,1,Passenger_335,female,50,1,2,25.03,0
336,1,Passenger_336,male,79,2,2,26.79,0
337,3,Passenger_337,female,23,1,1,49.57,1
338,3,Passenger_338,male,44,1,1,30.51,1
339,2,Passenger_339,male,77,2,0,14.59,0
340,1,Passenger_340,female,22,0,2,20.91,1
341,2,Passenger_341,female,43,2,1,18.99,1
342,2,Passenger_342,male,37,0,2,97.44,0
343,1,Passenger_343,female,61,1,2,77.13,1
344,2,Passenger_344,female,56,1,0,96.94,0
345,2,Passenger_345,male,3,0,0,46.78,1
346,3,Passenger_346,female,63,1,2,31.45,0
347,3,Passenger_347,female,19,0,2,80.84,0
348,1,Passenger_348,female,23,0,2,35.99,0
349,2,Passenger_349,female,29,1,2,33.44,1
350,3,Passenger_350,female,30,3,0,27.09,0
351,3,Passenger_351,female,39,0,1,17.32,0
352,3,Passenger_352,female,25,2,0,29.36,0
353,3,Passenger_353,female,8,2,1,38.76,1
354,1,Passenger_354,female,58,1,2,69.03,0
355,1,Passenger_355,female,16,3,1,10.94,0
356,3,Passenger_356,female,72,1,0,25.0,0
357,1,Passenger_357,male,1,3,0,81.86,0
358,3,Passenger_358,female,5,0,2,18.96,1
359,3,Passenger_359,female,3,0,0,37.55,1
360,3,Passenger_360,male,65,0,2,87.14,0
361,2,Passenger_361,female,4,0,0,19.72,0
362,3,Passenger_362,male,64,2,0,12.86,1
363,2,Passenger_363,male,10,2,2,51.03,0
364,3,Passenger_364,female,21,1,1,33.73,1
365,3,Passenger_365,male,46,3,0,58.52,1
366,2,Passenger_366,female,27,0,1,81.36,1
367,3,Passenger_367,female,66,0,0,18.03,0
368,3,Passenger_368,female,41,3,0,60.17,0
369,1,Passenger_369,male,13,3,0,53.02,1
370,1,Passenger_370,male,9,1,0,18.69,0
371,1,Passenger_371,female,36,3,1,64.28,1
372,1,Passenger_372,female,58,0,1,31.0,0
373,1,Passenger_373,female,54,0,0,51.34,1
374,3,Passenger_374,male,12,0,0,12.82,0
375,1,Passenger_375,female,78,0,1,48.66,0
376,2,Passenger_376,female,14,0,2,34.11,0
377,3,Passenger_377,female,34,1,2,83.13,1
378,1,Passenger_378,male,53,0,1,10.41,1
379,3,Passenger_379,female,20,1,0,44.77,0
380,2,Passenger_380,female,75,0,0,48.55,0
381,1,Passenger_381,female,16,2,2,73.88,1
382,3,Passenger_382,male,70,2,2,59.56,0
383,3,Passenger_383,female,56,2,1,68.39,0
384,3,Passenger_384,female,58,2,2,78.82,0
385,3,Passenger_385,male,4,1,1,86.91,0
386,3,Passenger_386,female,4,1,2,34.82,0
387,2,Passenger_387,female,20,3,2,56.11,0
388,1,Passenger_388,male,10,0,2,84.81,0
389,3,Passenger_389,male,24,2,0,99.0,0
390,3,Passenger_390,female,26,1,0,89.5,0
391,3,Passenger_391,male,37,0,0,40.29,0
392,2,Passenger_392,female,54,0,2,23.54,0
393,2,Passenger_393,male,21,1,1,51.49,1
394,3,Passenger_394,female,74,2,1,75.46,0
395,2,Passenger_395,male,38,3,1,51.79,0
396,3,Passenger_396,female,46,0,1,50.9,0
397,3,Passenger_397,female,4,3,0,84.63,0
398,2,Passenger_398,female,60,2,0,39.33,0
399,3,Passenger_399,female,57,2,2,86.68,0
400,3,Passenger_400,male,45,3,2,43.65,1
401,1,Passenger_401,female,20,2,1,36.18,0
402,3,Passenger_402,male,17,0,0,48.13,1
403,3,Passenger_403,male,71,3,1,77.43,0
404,3,Passenger_404,male,4,2,2,16.97,0
405,2,Passenger_405,male,14,3,2,23.66,0
406,3,Passenger_406,female,3,0,1,95.39,0
407,2,Passenger_407,female,58,2,2,21.67,0
408,1,Passenger_408,male,55,0,1,58.93,1
409,3,Passenger_409,male,4,2,0,60.03,0
410,1,Passenger_410,female,24,1,1,51.51,1
411,2,Passenger_411,male,34,2,0,66.25,1
412,3,Passenger_412,male,30,3,0,26.83,0
413,3,Passenger_413,male,19,2,2,57.5,0
414,3,Passenger_414,female,31,0,2,40.36,0
415,3,Passenger_415,female,60,0,2,67.86,0
416,2,Passenger_416,male,60,2,1,18.42,0
417,2,Passenger_417,male,19,3,1,59.23,0
418,2,Passenger_418,female,49,1,2,22.6,0
419,3,Passenger_419,female,63,3,1,31.47,0
420,3,Passenger_420,male,22,1,2,25.78,1
421,3,Passenger_421,female,24,0,1,22.37,1
422,3,Passenger_422,male,76,3,0,83.44,1
423,1,Passenger_423,male,30,1,0,32.14,0
424,2,Passenger_424,female,58,2,2,93.08,0
425,1,Passenger_425,male,31,0,1,97.14,0
426,3,Passenger_426,female,64,2,1,59.27,0
427,2,Passenger_427,male,19,0,0,18.59,0
428,3,Passenger_428,male,48,3,0,40.58,1
429,2,Passenger_429,female,45,3,2,80.78,1
430,1,Passenger_430,male,55,0,0,39.9,0
431,1,Passenger_431,female,55,0,2,13.27,0
432,3,Passenger_432,male,18,0,0,57.89,0
433,3,Passenger_433,male,63,3,0,85.29,0
434,1,Passenger_434,male,47,1,1,80.61,0
435,1,Passenger_435,female,75,2,0,21.64,0
436,3,Passenger_436,male,57,2,0,68.91,0
437,1,Passenger_437,female,45,3,2,25.95,1
438,3,Passenger_438,male,33,2,0,25.73,0
439,3,Passenger_439,female,17,0,2,88.04,1
440,1,Passenger_440,male,70,1,0,28.72,0
441,1,Passenger_441,female,4,2,0,30.01,0
442,3,Passenger_442,female,20,1,2,5.06,0
443,2,Passenger_443,female,47,0,1,87.71,0
444,2,Passenger_444,female,15,2,2,80.3,0
445,3,Passenger_445,female,70,3,2,64.6,1
446,3,Passenger_446,female,47,1,2,76.28,1
447,3,Passenger_447,male,78,0,1,19.44,0
448,3,Passenger_448,male,75,1,0,48.54,0
449,2,Passenger_449,female,9,2,2,38.37,1
450,1,Passenger_450,female,16,2,2,13.91,0
451,3,Passenger_451,female,69,3,1,51.18,0
452,3,Passenger_452,male,61,0,2,92.47,0
453,2,Passenger_453,male,10,0,0,8.81,1
454,3,Passenger_454,male,50,3,1,32.69,1
455,1,Passenger_455,female,3,3,0,24.72,0
456,2,Passenger_456,male,77,0,0,27.62,1
457,1,Passenger_457,male,70,1,1,91.3,1
458,2,Passenger_458,male,51,1,2,49.47,0
459,1,Passenger_459,male,19,3,0,49.3,0
460,1,Passenger_460,female,42,1,0,77.25,0
461,1,Passenger_461,male,35,0,0,19.68,1
462,3,Passenger_462,female,46,2,0,51.29,0
463,3,Passenger_463,male,26,2,1,45.85,1
464,3,Passenger_464,male,69,1,1,61.71,0
465,3,Passenger_465,male,64,3,0,99.96,1
466,2,Passenger_466,male,37,3,2,78.1,0
467,2,Passenger_467,male,49,3,0,42.8,0
468,3,Passenger_468,male,21,3,2,83.62,1
469,2,Passenger_469,female,74,3,0,21.22,1
470,3,Passenger_470,male,64,1,2,7.89,1
471,1,Passenger_471,female,5,2,0,24.42,0
472,3,Passenger_472,female,70,2,2,37.34,1
473,1,Passenger_473,female,4,1,0,53.51,0
474,3,Passenger_474,male,39,3,0,63.44,0
475,3,Passenger_475,male,35,1,2,91.51,0
476,3,Passenger_476,male,1,2,1,53.44,0
477,1,Passenger_477,male,24,0,2,52.62,0
478,3,Passenger_478,female,57,1,1,9.77,1
479,3,Passenger_479,male,70,3,0,8.32,0
480,3,Passenger_480,male,41,2,2,57.36,1
481,3,Passenger_481,female,54,2,2,46.63,0
482,3,Passenger_482,female,46,2,2,84.72,0
483,2,Passenger_483,female,60,2,1,20.26,0
484,3,Passenger_484,male,60,3,1,7.37,1
485,3,Passenger_485,male,57,0,0,47.66,1
486,3,Passenger_486,female,31,2,1,27.56,1
487,1,Passenger_487,male,24,1,1,9.71,1
488,2,Passenger_488,male,36,0,0,73.84,0
489,3,Passenger_489,male,30,2,2,15.6,0
490,3,Passenger_490,male,24,0,2,62.79,1
491,2,Passenger_491,male,30,1,0,31.7,0
492,3,Passenger_492,male,7,2,2,21.48,0
493,2,Passenger_493,female,35,1,1,41.08,0
494,1,Passenger_494,female,55,3,0,81.14,0
495,2,Passenger_495,female,14,2,0,42.25,0
496,2,Passenger_496,male,10,2,0,76.32,0
497,3,Passenger_497,male,16,2,2,16.92,0
498,1,Passenger_498,male,54,2,0,78.41,0
499,3,Passenger_499,female,77,3,0,27.51,0
500,3,Passenger_500,female,70,2,0,69.35,0
501,3,Passenger_501,male,44,0,2,58.75,1
502,3,Passenger_502,female,73,2,1,93.27,0
503,2,Passenger_503,male,45,3,0,41.8,0
504,3,Passenger_504,female,56,2,1,11.29,1
505,3,Passenger_505,female,57,0,2,6.82,0
506,1,Passenger_506,female,21,3,2,83.55,0
507,3,Passenger_507,female,68,3,2,54.85,1
508,3,Passenger_508,female,50,0,2,78.65,0
509,3,Passenger_509,male,33,0,1,27.27,1
510,3,Passenger_510,female,7,0,0,37.78,1
511,3,Passenger_511,male,70,0,2,7.86,1
512,2,Passenger_512,female,15,0,2,96.34,0
513,3,Passenger_513,female,32,3,1,68.45,0
514,3,Passenger_514,female,75,3,1,93.65,0
515,1,Passenger_515,male,20,2,2,30.22,0
516,1,Passenger_516,female,15,2,0,63.09,0
517,2,Passenger_517,female,48,1,0,69.46,0
518,3,Passenger_518,female,71,2,2,35.17,0
519,3,Passenger_519,male,21,2,1,85.57,0
520,1,Passenger_520,male,42,0,2,94.98,0
521,3,Passenger_521,male,26,0,2,89.06,0
522,2,Passenger_522,male,14,2,1,75.21,1
523,3,Passenger_523,female,57,1,2,31.36,0
524,3,Passenger_524,male,37,0,2,31.75,0
525,3,Passenger_525,female,58,2,2,96.52,1
526,2,Passenger_526,male,21,2,1,5.98,0
527,2,Passenger_527,male,69,3,0,73.02,0
528,2,Passenger_528,female,3,1,0,72.09,0
529,1,Passenger_529,female,37,3,1,64.16,1
530,3,Passenger_530,male,49,1,0,99.06,0
531,3,Passenger_531,female,19,0,2,34.63,0
532,3,Passenger_532,female,12,1,0,37.3,0
533,3,Passenger_533,male,61,2,2,12.5,1
534,3,Passenger_534,female,41,2,0,47.07,0
535,3,Passenger_535,female,33,1,1,29.8,0
536,3,Passenger_536,female,50,1,0,37.62,1
537,3,Passenger_537,male,68,1,0,84.28,0
538,2,Passenger_538,female,71,3,0,93.87,1
539,2,Passenger_539,male,33,1,1,22.64,0
540,1,Passenger_540,male,24,0,0,40.39,1
541,3,Passenger_541,male,61,3,1,93.22,0
542,3,Passenger_542,male,61,3,2,10.87,1
543,2,Passenger_543,female,28,1,0,13.77,1
544,3,Passenger_544,female,58,0,1,20.47,0
545,3,Passenger_545,female,43,3,1,61.55,0
546,2,Passenger_546,male,41,2,0,19.29,0
547,1,Passenger_547,male,39,3,2,96.97,0
548,3,Passenger_548,male,49,1,1,47.44,0
549,3,Passenger_549,female,17,0,0,52.64,0
550,3,Passenger_550,male,70,1,2,28.43,0
551,3,Passenger_551,female,70,2,1,49.74,0
552,3,Passenger_552,female,65,2,1,67.88,0
553,3,Passenger_553,male,74,2,2,76.36,1
554,3,Passenger_554,female,5,1,2,76.62,0
555,3,Passenger_555,male,2,3,0,59.9,0
556,2,Passenger_556,female,22,1,0,90.91,0
557,1,Passenger_557,female,57,0,1,82.65,0
558,1,Passenger_558,male,66,3,2,76.92,0
559,3,Passenger_559,male,74,2,2,10.28,0
560,3,Passenger_560,female,16,1,2,5.65,0
561,3,Passenger_561,female,51,2,1,25.18,1
562,2,Passenger_562,male,39,2,2,68.03,0
563,1,Passenger_563,female,76,0,2,44.06,1
564,1,Passenger_564,female,40,3,1,43.23,1
565,2,Passenger_565,female,38,0,0,89.04,1
566,3,Passenger_566,male,60,0,0,90.08,1
567,2,Passenger_567,female,59,0,1,91.37,0
568,2,Passenger_568,female,10,2,2,34.82,0
569,3,Passenger_569,male,64,0,1,70.65,1
570,2,Passenger_570,male,63,0,0,30.81,0
571,3,Passenger_571,female,49,3,0,23.11,0
572,3,Passenger_572,male,64,3,1,22.54,1
573,2,Passenger_573,female,32,0,1,37.5,1
574,3,Passenger_574,male,7,3,0,45.85,1
575,3,Passenger_575,male,21,3,1,83.94,1
576,3,Passenger_576,female,20,0,0,16.39,1
577,1,Passenger_577,male,26,2,1,74.82,0
578,3,Passenger_578,female,68,0,1,55.49,1
579,2,Passenger_579,male,15,3,1,32.35,0
580,2,Passenger_580,female,79,2,0,51.82,0
581,2,Passenger_581,male,14,1,1,33.49,1
582,3,Passenger_582,male,27,2,0,61.63,0
583,2,Passenger_583,female,40,3,0,46.22,0
584,2,Passenger_584,male,58,2,1,20.62,0
585,3,Passenger_585,female,28,0,1,16.08,1
586,2,Passenger_586,male,26,1,0,56.94,0
587,1,Passenger_587,female,63,1,0,90.73,1
588,1,Passenger_588,male,66,1,2,37.68,0
589,1,Passenger_589,female,25,3,0,74.64,1
590,1,Passenger_590,male,3,3,2,67.57,1
591,1,Passenger_591,male,72,1,2,93.5,0
592,3,Passenger_592,male,44,2,2,82.99,0
593,1,Passenger_593,male,42,1,1,58.83,0
594,2,Passenger_594,female,6,2,1,67.42,1
595,3,Passenger_595,male,39,2,0,90.35,1
596,2,Passenger_596,female,52,3,2,42.95,1
597,3,Passenger_597,male,23,2,1,36.05,0
598,1,Passenger_598,male,50,1,1,6.03,1
599,1,Passenger_599,female,43,3,1,83.52,1
600,1,Passenger_600,female,19,0,1,81.09,1
601,1,Passenger_601,male,69,0,1,14.92,1
602,2,Passenger_602,male,51,3,2,59.8,0
603,1,Passenger_603,male,11,1,2,49.08,0
604,1,Passenger_604,female,12,0,2,16.28,1
605,1,Passenger_605,female,74,0,2,98.15,1
606,2,Passenger_606,male,8,2,0,25.4,0
607,2,Passenger_607,female,24,2,2,11.39,0
608,2,Passenger_608,female,41,1,1,61.51,0
609,3,Passenger_609,female,36,3,2,75.19,0
610,3,Passenger_610,female,72,1,0,8.08,0
611,1,Passenger_611,male,55,3,1,67.58,1
612,3,Passenger_612,male,9,0,2,55.57,1
613,3,Passenger_613,male,47,2,2,14.81,0
614,1,Passenger_614,male,15,1,2,21.39,0
615,3,Passenger_615,female,48,1,1,58.96,0
616,3,Passenger_616,female,42,3,1,33.15,0
617,1,Passenger_617,male,60,3,0,94.14,1
618,2,Passenger_618,male,70,1,1,82.78,1
619,3,Passenger_619,male,12,3,1,98.44,0
620,3,Passenger_620,female,2,1,2,29.67,1
621,1,Passenger_621,male,7,1,1,97.12,1
622,2,Passenger_622,female,3,1,2,45.97,1
623,2,Passenger_623,male,3,0,2,38.01,0
624,2,Passenger_624,male,27,3,1,9.78,1
625,3,Passenger_625,female,40,2,0,10.01,0
626,2,Passenger_626,female,33,2,0,70.74,0
627,2,Passenger_627,male,1,3,1,48.5,0
628,3,Passenger_628,female,8,1,0,26.52,0
629,1,Passenger_629,female,32,2,2,63.33,0
630,2,Passenger_630,female,48,2,2,29.02,0
631,3,Passenger_631,male,4,3,1,59.88,0
632,3,Passenger_632,female,70,2,0,39.12,1
633,3,Passenger_633,male,19,1,0,83.24,1
634,3,Passenger_634,female,32,3,2,82.97,0
635,1,Passenger_635,male,9,1,1,50.35,1
636,2,Passenger_636,male,12,2,0,38.33,1
637,3,Passenger_637,male,11,2,1,39.44,1
638,2,Passenger_638,female,46,1,0,81.54,0
639,2,Passenger_639,male,16,0,2,36.18,1
640,2,Passenger_640,female,1,2,2,24.86,1
641,1,Passenger_641,female,63,0,1,13.05,1
642,2,Passenger_642,male,21,2,2,49.34,0
643,2,Passenger_643,female,30,0,0,50.8,0
644,2,Passenger_644,male,13,0,2,84.89,1
645,1,Passenger_645,female,34,0,1,26.02,0
646,3,Passenger_646,male,4,1,1,41.19,0
647,3,Passenger_647,female,28,0,1,81.8,0
648,3,Passenger_648,female,59,0,0,83.24,1
649,3,Passenger_649,female,27,0,0,41.54,1
650,2,Passenger_650,female,69,2,0,48.62,0
651,1,Passenger_651,male,25,0,0,33.81,1
652,3,Passenger_652,female,3,2,0,93.59,0
653,3,Passenger_653,female,68,0,2,16.27,1
654,3,Passenger_654,female,25,0,0,93.71,1
655,2,Passenger_655,male,20,1,0,69.97,1
656,1,Passenger_656,female,34,2,2,55.5,1
657,2,Passenger_657,female,26,0,0,8.1,0
658,2,Passenger_658,female,5,2,1,50.18,1
659,3,Passenger_659,male,61,2,0,43.74,0
660,3,Passenger_660,female,9,3,0,20.32,1
661,2,Passenger_661,male,50,1,1,67.36,1
662,3,Passenger_662,female,6,1,1,97.26,1
663,3,Passenger_663,male,60,1,1,58.41,0
664,2,Passenger_664,female,44,3,1,72.9,1
665,1,Passenger_665,female,11,3,0,11.5,0
666,1,Passenger_666,male,66,1,1,44.68,0
667,2,Passenger_667,female,47,3,1,16.05,1
668,1,Passenger_668,male,73,3,2,63.22,0
669,1,Passenger_669,female,3,3,1,94.16,1
670,2,Passenger_670,female,76,1,1,67.87,0
671,1,Passenger_671,female,30,1,2,12.3,0
672,3,Passenger_672,female,21,1,2,38.69,1
673,1,Passenger_673,female,28,3,0,57.31,0
674,3,Passenger_674,male,62,1,2,43.3,0
675,2,Passenger_675,male,33,3,0,84.2,1
676,3,Passenger_676,female,35,0,2,82.39,0
677,1,Passenger_677,female,52,3,2,63.12,1
678,2,Passenger_678,female,34,2,0,40.48,0
679,3,Passenger_679,female,41,1,2,29.26,1
680,3,Passenger_680,male,51,1,0,15.06,1
681,3,Passenger_681,female,47,2,2,38.72,1
682,2,Passenger_682,male,58,3,1,44.25,0
683,1,Passenger_683,female,75,0,2,69.2,1
684,3,Passenger_684,male,57,2,0,67.53,1
685,3,Passenger_685,male,23,2,2,11.66,1
686,3,Passenger_686,male,48,3,0,42.55,0
687,3,Passenger_687,male,22,1,0,22.27,1
688,2,Passenger_688,female,17,3,1,19.9,1
689,3,Passenger_689,male,69,2,1,83.59,0
690,1,Passenger_690,male,11,2,0,8.98,0
691,2,Passenger_691,male,15,1,2,44.82,1
692,2,Passenger_692,male,35,1,0,20.98,0
693,3,Passenger_693,male,33,1,0,88.54,1
694,2,Passenger_694,male,16,3,2,57.92,1
695,1,Passenger_695,female,34,1,2,26.98,1
696,3,Passenger_696,female,66,2,2,52.73,0
697,2,Passenger_697,female,40,2,2,74.49,0
698,3,Passenger_698,male,28,0,0,96.02,1
699,1,Passenger_699,male,47,3,0,25.94,0
700,2,Passenger_700,female,39,0,1,89.19,1
701,3,Passenger_701,female,70,2,0,93.76,0
702,1,Passenger_702,male,73,0,2,92.06,0
703,2,Passenger_703,male,20,2,1,65.36,0
704,1,Passenger_704,male,1,0,2,64.83,0
705,1,Passenger_705,male,72,1,0,43.31,1
706,3,Passenger_706,male,63,0,1,76.48,0
707,2,Passenger_707,female,67,1,2,55.47,0
708,3,Passenger_708,female,4,1,1,69.36,0
709,2,Passenger_709,female,58,3,1,45.7,0
710,3,Passenger_710,female,25,1,0,74.49,0
711,3,Passenger_711,female,47,1,2,83.32,1
712,3,Passenger_712,female,38,0,1,18.91,0
713,2,Passenger_713,female,15,2,1,84.13,0
714,2,Passenger_714,male,63,3,2,56.33,0
715,2,Passenger_715,male,21,1,1,85.24,1
716,3,Passenger_716,male,57,3,1,45.97,0
717,3,Passenger_717,female,53,0,1,41.01,0
718,3,Passenger_718,female,46,1,2,91.93,1
719,1,Passenger_719,male,14,0,2,28.86,0
720,3,Passenger_720,female,76,3,2,85.2,0
721,3,Passenger_721,male,17,0,2,50.98,0
722,1,Passenger_722,female,39,3,0,53.84,1
723,1,Passenger_723,male,9,0,1,34.3,0
724,3,Passenger_724,male,77,3,2,59.44,1
725,3,Passenger_725,male,79,2,1,35.9,1
726,3,Passenger_726,male,6,0,1,8.73,0
727,1,Passenger_727,male,23,0,0,30.84,0
728,3,Passenger_728,male,59,2,2,5.61,0
729,2,Passenger_729,female,46,2,2,97.94,1
730,1,Passenger_730,female,38,0,1,96.75,0
731,1,Passenger_731,male,14,2,2,42.54,0
732,3,Passenger_732,female,72,1,1,74.2,0
733,3,Passenger_733,female,62,3,1,37.85,1
734,3,Passenger_734,male,35,3,0,68.75,0
735,2,Passenger_735,male,19,3,0,81.52,1
736,3,Passenger_736,male,30,1,0,94.94,0
737,2,Passenger_737,male,78,2,1,43.02,0
738,3,Passenger_738,female,25,2,2,79.41,0
739,2,Passenger_739,male,40,0,0,30.26,0
740,2,Passenger_740,female,14,2,2,99.08,0
741,2,Passenger_741,female,26,0,0,7.45,0
742,2,Passenger_742,male,22,1,0,62.34,1
743,3,Passenger_743,female,48,3,1,67.65,1
744,3,Passenger_744,male,51,3,0,70.36,1
745,2,Passenger_745,female,3,3,0,16.44,0
746,3,Passenger_746,male,42,2,1,94.16,0
747,2,Passenger_747,female,19,0,2,22.21,0
748,3,Passenger_748,female,73,0,0,64.16,1
749,3,Passenger_749,male,28,1,1,26.15,1
750,3,Passenger_750,female,45,2,0,34.19,0
751,1,Passenger_751,female,71,1,1,56.91,0
752,3,Passenger_752,female,78,0,2,44.63,0
753,3,Passenger_753,female,63,0,2,20.22,0
754,2,Passenger_754,female,73,3,1,21.24,0
755,1,Passenger_755,male,19,2,1,44.72,1
756,3,Passenger_756,male,47,0,1,76.94,1
757,3,Passenger_757,female,14,3,2,90.31,0
758,3,Passenger_758,male,38,2,0,12.99,0
759,3,Passenger_759,female,53,1,2,42.34,1
760,3,Passenger_760,female,61,2,1,14.52,0
761,1,Passenger_761,male,36,2,1,6.58,0
762,2,Passenger_762,male,40,0,2,67.86,0
763,2,Passenger_763,female,30,0,1,62.23,0
764,3,Passenger_764,male,9,2,2,20.49,0
765,1,Passenger_765,female,64,0,1,27.21,1
766,3,Passenger_766,male,33,0,0,7.25,0
767,3,Passenger_767,female,52,0,0,84.32,0
768,3,Passenger_768,male,14,3,1,97.6,1
769,2,Passenger_769,female,75,3,2,17.87,0
770,3,Passenger_770,male,53,2,0,26.99,1
771,1,Passenger_771,female,59,0,2,87.5,1
772,3,Passenger_772,male,78,3,1,93.01,0
773,1,Passenger_773,female,41,2,2,44.86,1
774,2,Passenger_774,female,68,0,0,9.81,0
775,3,Passenger_775,male,68,1,2,8.74,1
776,1,Passenger_776,male,8,0,2,59.53,0
777,2,Passenger_777,male,2,0,1,42.33,1
778,3,Passenger_778,female,41,3,1,7.72,1
779,3,Passenger_779,female,55,2,1,60.41,0
780,3,Passenger_780,female,16,2,0,6.07,0
781,3,Passenger_781,male,62,3,0,79.8,1
782,3,Passenger_782,male,48,0,1,34.11,1
783,2,Passenger_783,female,30,1,1,8.82,0
784,2,Passenger_784,male,12,0,0,60.89,1
785,1,Passenger_785,female,35,0,0,42.78,0
786,3,Passenger_786,male,11,1,0,97.51,0
787,3,Passenger_787,female,64,3,0,56.7,0
788,2,Passenger_788,male,50,2,1,31.15,0
789,2,Passenger_789,male,21,3,0,72.4,1
790,3,Passenger_790,female,69,3,1,30.79,0
791,1,Passenger_791,female,48,0,2,90.9,1
792,3,Passenger_792,female,20,2,2,40.6,0
793,3,Passenger_793,male,67,2,0,57.24,0
794,3,Passenger_794,male,44,3,2,9.8,0
795,1,Passenger_795,female,33,1,2,45.48,0
796,3,Passenger_796,female,73,3,2,84.07,0
797,3,Passenger_797,male,61,1,0,81.54,0
798,3,Passenger_798,male,9,2,0,26.31,0
799,3,Passenger_799,male,68,3,2,26.48,0
800,3,Passenger_800,female,35,0,1,82.64,0
